233,1,702666,'10-32-06
233,2,702642,'28-06-36
233,3,702850,'25-11-05
233,4,702690,'20-22-12
233,5,702814,'06-28-38
233,6,702886,'30-04-18
233,7,702643,'06-16-06
233,8,702826,'22-36-22
233,9,702862,'02-24-18
233,10,702667,'19-01-15
233,11,4600093,04-30-04
233,12,702898,'01-07-25
233,13,702691,'06-32-06
233,14,4600034,'20-26-04
233,15,702874,'04-30-00
233,16,702644,'32-22-16
233,17,4600035,'30-12-30
233,18,702887,'24-30-08
233,19,702668,'14-24-02
233,20,702815,'25-15-25
233,21,702851,'04-06-28
233,22,702692,'24-34-16
233,23,4600095,â€™22-08-34
233,24,702899,'19-05-35
233,25,702645,'25-31-25
233,26,702839,'02-16-34
233,27,702863,'34-20-02
233,28,702078,'14-00-06
233,29,702693,'15-21-15
233,30,702875,'28-10-00
233,31,702670,'32-10-04
233,32,702694,'02-04-38
233,33,702852,'.08-34-16
233,34,702646,'27-05-15
233,35,702816,'18-00-30
233,36,702888,'20-30-20
233,37,702695,'18-28-22
233,38,702828,'10-20-14
233,39,702864,'02-16-38
233,40,702671,'06-16-26
233,41,702840,'24-14-04
233,42,702900,'06-08-14
233,43,702647,'30-00-06
233,44,4600036,'30-16-10
233,45,702876,'06-36-14
233,46,702696,'22-12-06
233,47,4600037,'06-36-06
233,48,702889,'10-12-38
233,49,702684,04-30-20
233,50,702817,'18-08-38
233,51,702853,'10-12-06
233,52,702648,'29-07-25
233,53,702652,12-22-16
233,54,703001,'26-00-14
233,55,702697,'06-28-22
233,56,702841,'22-00-14
233,57,702865,'12-38-12
233,58,702673,'36-18-36
233,59,702649,'10-28-06
233,60,702877,'34-20-30
233,61,702674,'02-28-10
233,62,702650,'22-12-30
233,63,702854,'16-26-08
233,64,702698,'36-10-16
233,65,702818,'34-20-38
233,66,702890,'35-01-15
233,67,702651,'32-14-24
233,68,702830,'39-21-35
233,69,702866,'24-02-16
233,70,702675,'34-08-26
233,71,702595,30-1230
233,72,703002,'32-10-32
233,73,702699,'17-27-05
233,74,4600038,'26-00-06
233,75,702878,'10-16-06
233,76,4600098,30-00-18
233,77,4600039,'20-22-32
233,78,702891,'39-01-15
233,79,702676,'26-04-14
233,80,702819,'36-10-04
233,81,702855,'33-15-25
233,82,702700,'04-26-32
233,83,4600066,22-04-30
233,84,703003,'18-24-18
233,85,702653,'20-22-16
233,86,702843,'08-30-12
233,87,702867,'36-10-32
233,88,702677,'38-24-02
233,89,702801,'17-35-25
233,90,702879,'22-00-10
233,91,702678,'38-16-06
233,92,702802,'30-08-38
233,93,702856,'36-10-00
233,94,4600081,32-22-08
233,95,702820,'32-14-08
233,96,702892,'24-26-16
233,97,702803,'36-06-24
233,98,702698,36-10-16
233,99,702868,'20-10-20
233,100,702679,'16-18-28
233,101,4600076,28-14-00
233,102,703004,'32-06-36
233,103,4600088,36-38-28
233,104,4600040,'06-20-26
233,105,702880,'16-38-04
233,106,702804,'15-29-15
233,107,702689,'18-00-26
233,108,702893,'08-26-04
233,109,702680,'38-24-10
233,110,4600099,22-04-34
233,111,702857,'24-30-04
233,112,702656,'14-24-18
233,113,702833,'30-36-14
233,114,703005,'08-10-16
233,115,702805,'19-29-15
233,116,702845,'34-08-02
233,117,702869,'32-14-28
233,118,702681,'14-00-10
233,119,702637,'24-34-28
233,120,702881,'30-12-34
233,121,702682,'34-04-10
233,122,702806,'10-12-22
233,123,702858,'08-22-16
233,124,702658,'08-30-00
233,125,702822,'10-28-14
233,126,702894,'30-20-30
233,127,702807,'34-04-34
233,128,702834,'24-34-12
233,129,702870,'16-02-28
233,130,702197,'08-14-20
233,131,702846,'08-26-36
233,132,703006,'04-18-12
233,133,702659,'14-04-30
233,134,4600041,'14-00-18
233,135,702882,'06-24-30
233,136,702808,'21-11-05
233,137,4600042,'00-06-32
233,138,702895,'02-12-26
233,139,4600086,24-14-36
233,140,702823,'04-06-00
233,141,702859,'06-28-06
233,142,702799,'06-12-18
233,143,702835,'25-27-05
233,144,703007,'28-34-08
233,145,702809,'12-38-28
233,146,702847,'00-18-32
233,147,702871,'22-28-38
233,148,702685,'06-28-34
233,149,702661,'30-08-30
233,150,702883,'00-26-32
233,151,702686,'12-30-00
233,152,702810,'22-32-06
233,153,702860,'18-28-34
233,154,702662,'30-20-14
233,155,702824,'34-24-10
233,156,702896,'30-32-18
233,157,702811,'16-26-12
233,158,702836,'08-10-32
233,159,702872,'26-28-02
233,160,702687,'30-32-38
233,161,702848,'32-02-12
233,162,703008,'30-16-10
233,163,702663,'00-22-16
233,164,4600043,'30-04-26
233,165,4600073,'06-20-30
233,166,4600045,34-24-34
233,167,4600044,'20-26-12
233,168,702897,'10-20-02
233,169,4600045,'34-24-34
233,170,702825,'04-30-08
233,171,702861,'34-12-38
233,172,702664,'20-02-28
233,173,702837,'30-00-26
233,174,703009,'18-08-18
233,175,702813,'24-06-00
233,176,702849,'30-20-06
233,177,702873,'06-12-26
233,178,702688,'38-00-14
233,179,702665,'34-24-06
233,180,702885,'28-18-12
232,1,703034,'14-04-26
232,2,703010,'38-16-10
232,3,703118,'30-08-26
232,4,703058,'22-24-14
232,5,703082,'02-32-18
232,6,703154,'24-02-20
232,7,703011,'06-12-30
232,8,703094,'39-05-15
232,9,703130,'15-05-15
232,10,703035,'33-11-25
232,11,703106,'08-26-16
232,12,703166,'19-01-35
232,13,703059,'12-26-08
232,14,4600022,'08-26-00
232,15,703142,'28-34-12
232,16,703012,'34-16-02
232,17,4600023,'36-38-04
232,18,703155,'16-22-36
232,19,703036,'16-30-08
232,20,703083,'24-02-32
232,21,703119,'00-10-04
232,22,703060,'10-16-26
232,23,703095,'02-20-14
232,24,703167,'13-15-05
232,25,702082,'00-18-36
232,26,703107,'18-00-22
232,27,703131,'36-10-36
232,28,703037,'06-20-14
232,29,703061,'22-08-34
232,30,703143,'08-22-28
232,31,703038,'20-06-16
232,32,703062,'38-20-10
232,33,703120,'30-36-18
232,34,703014,'02-24-34
232,35,703084,'28-14-08
232,36,703156,'06-24-06
232,37,703063,'00-30-24
232,38,703000,'22-32-22
232,39,703132,'18-32-22
232,40,703039,'02-20-34
232,41,703108,'36-22-00
232,42,703168,'34-08-38
232,43,703015,'06-24-02
232,44,4600024,'38-24-18
232,45,703144,'06-08-26
232,46,703064,'35-01-35
232,47,4600025,'20-30-00
232,48,703157,'28-02-28
232,49,703040,'26-12-18
232,50,703085,'20-38-20
232,51,703121,'16-06-32
232,52,703016,'26-32-10
232,53,703097,'06-36-30
232,54,703169,'26-28-34
232,55,703065,'15-33-15
232,56,703109,'26-08-18
232,57,703133,'18-20-06
232,58,703041,'20-34-16
232,59,703017,'18-24-06
232,60,703145,'11-29-35
232,61,703042,'07-09-35
232,62,703018,'08-38-12
232,63,703122,'05-11-05
232,64,703066,'34-08-30
232,65,703086,'36-02-28
232,66,703158,'07-37-15
232,67,4600004,'18-20-02
232,68,703098,'32-22-08
232,69,703134,'25-03-25
232,70,703043,'32-02-32
232,71,703110,'12-22-32
232,72,703170,'18-08-02
232,73,703067,'24-38-28
232,74,4600026,'18-20-26
232,75,703146,'14-00-22
232,76,703020,'12-14-28
232,77,4600027,'06-24-18
232,78,703159,'30-16-06
232,79,703044,'14-16-02
232,80,703087,'26-00-26
232,81,703123,'18-24-14
232,82,703068,'38-28-38
232,83,703099,'38-04-14
232,84,703171,'06-20-30
232,85,703021,'00-10-32
232,86,703111,'20-30-04
232,87,703135,'10-16-22
232,88,703045,'16-22-32
232,89,703069,'27-01-35
232,90,703147,'22-00-34
232,91,703046,'32-14-32
232,92,703070,'32-18-28
232,93,703124,'09-31-25
232,94,703022,'02-12-30
232,95,703088,'38-04-34
232,96,703160,'16-02-32
232,97,703071,'18-20-26
232,98,703100,'04-10-32
232,99,703136,'12-14-20
232,100,703047,'10-32-22
232,101,703112,'14-20-30
232,102,703172,'08-26-12
232,103,703023,'02-20-06
232,104,4600028,'28-02-12
232,105,703148,'32-18-36
232,106,703072,'36-26-36
232,107,703057,'06-20-38
232,108,703161,'24-14-00
232,109,703048,'18-20-14
232,110,703089,'12-34-20
232,111,703125,'28-06-16
232,112,702024,'08-10-04
232,113,703101,'28-10-36
232,114,703173,'12-18-24
232,115,703073,'02-20-30
232,116,703113,'08-18-24
232,117,703137,'00-14-08
232,118,703049,'02-24-38
232,119,703025,'35-17-35
232,120,703149,'24-06-20
232,121,703050,'14-00-14
232,122,703074,'16-26-16
232,123,703126,'02-28-14
232,124,703026,'18-08-30
232,125,703090,'04-34-04
232,126,703162,'18-32-06
232,127,703075,'17-39-25
232,128,703102,'34-04-26
232,129,703138,'36-22-28
232,130,703051,'36-10-24
232,131,703114,'00-26-16
232,132,703174,'03-05-35
232,133,703027,'02-20-10
232,134,4600029,'28-10-24
232,135,703150,'02-08-18
232,136,703076,'16-26-00
232,137,4600030,'20-06-00
232,138,703163,'34-12-18
232,139,703052,'18-04-30
232,140,703091,'20-10-24
232,141,703127,'23-01-15
232,142,703028,'23-37-15
232,143,703103,'28-30-36
232,144,702606,'20-38-28
232,145,703077,'31-01-35
232,146,703115,'34-36-26
232,147,703139,'10-28-34
232,148,703053,'10-24-30
232,149,703029,'14-04-38
232,150,703151,'18-28-02
232,151,703054,'34-36-06
232,152,703078,'28-34-28
232,153,703128,'05-19-25
232,154,703030,'04-10-16
232,155,703092,'24-30-20
232,156,703164,'04-14-08
232,157,703079,'31-17-35
232,158,703104,'22-24-38
232,159,703140,'32-22-36
232,160,703055,'24-30-00
232,161,703116,'28-38-04
232,162,703176,'14-32-06
232,163,703031,'00-10-16
232,164,4600031,'34-04-30
232,165,703152,'03-21-35
232,166,703080,'00-06-28
232,167,4600032,'28-38-28
232,168,703165,'18-00-06
232,169,4600033,'36-38-12
232,170,703093,'36-18-04
232,171,703129,'38-28-22
232,172,703032,'24-14-36
232,173,703105,'37-03-25
232,174,703177,'02-28-22
232,175,703081,'10-16-38
232,176,703117,'26-04-38
232,177,703141,'24-38-04
232,178,703056,'00-02-32
232,179,4600001,'12-14-24
232,180,703153,'34-20-26
235,1,702498,'14-28-02
235,2,702474,'02-04-30
235,3,702582,'04-06-24
235,4,702522,'32-18-32
235,5,702546,'18-08-02
235,6,702618,'10-00-14
235,7,702475,'10-12-18
235,8,702558,'08-30-36
235,9,702594,'00-30-16
235,10,702499,'14-32-38
235,11,702570,'00-02-16
235,12,702630,'24-38-16
235,13,702523,'36-14-32
235,14,4600046,'12-22-32
235,15,702997,'08-14-32
235,16,702476,'20-38-12
235,17,4600047,'38-16-38
235,18,702619,'38-04-22
235,19,702433,'02-24-10
235,20,702547,'06-20-30
235,21,702583,'36-02-08
235,22,702524,'29-19-25
235,23,702559,'10-20-26
235,24,702631,'32-10-28
235,25,702477,'38-24-34
235,26,702571,'12-38-20
235,27,702595,'30-12-30
235,28,702501,'38-08-34
235,29,702525,'27-29-35
235,30,702607,'34-12-26
235,31,702502,'04-18-08
235,32,702526,'12-34-04
235,33,4600063,'10-20-06
235,34,702478,'08-14-36
235,35,702548,'08-26-12
235,36,702620,'13-03-25
235,37,702527,'06-36-18
235,38,702560,'29-31-05
235,39,702596,'32-34-00
235,40,702503,'08-14-24
235,41,702572,'10-24-38
235,42,702632,'08-34-08
235,43,702479,'00-30-08
235,44,4600048,'06-08-18
235,45,702608,'34-36-10
235,46,702797,'24-34-04
235,47,4600058,'38-08-18
235,48,702798,'02-24-02
235,49,702504,'04-22-12
235,50,702549,'12-18-24
235,51,702585,'30-32-06
235,52,702480,'38-00-22
235,53,702561,'12-02-20
235,54,702633,'36-38-28
235,55,702529,'34-20-10
235,56,702573,'12-22-08
235,57,702597,'04-06-12
235,58,702505,'24-14-24
235,59,702481,'39-05-35
235,60,702609,'20-34-00
235,61,702506,'20-38-32
235,62,702482,'16-06-00
235,63,702586,'34-00-22
235,64,702530,'24-34-08
235,65,702550,'03-05-35
235,66,702622,'34-04-22
235,67,702483,'10-28-02
235,68,702562,'22-04-34
235,69,702598,'12-34-28
235,70,702507,'12-26-04
235,71,702574,'36-14-08
235,72,702634,'30-36-06
235,73,702531,'03-17-35
235,74,4600050,'16-02-36
235,75,702610,'02-32-38
235,76,702484,'04-18-36
235,77,4600051,'36-06-12
235,78,702623,'04-26-36
235,79,702508,'12-30-04
235,80,702551,'28-10-16
235,81,702587,'01-23-05
235,82,702532,'32-38-12
235,83,702563,'11-21-15
235,84,702635,'38-20-38
235,85,702485,'12-22-00
235,86,702575,'26-36-14
235,87,702599,'16-38-16
235,88,702509,'20-34-04
235,89,702533,'16-02-20
235,90,702611,'22-24-02
235,91,702510,'32-18-00
235,92,702534,'32-22-04
235,93,702588,'18-36-14
235,94,702486,'20-22-08
235,95,702552,'14-32-06
235,96,702624,'00-30-12
235,97,702535,'31-01-15
235,98,702564,'18-28-10
235,99,4600067,'16-38-24
235,100,702511,'02-04-34
235,101,702576,'18-00-14
235,102,702636,'00-26-20
235,103,702487,'17-19-05
235,104,4600052,'02-04-22
235,105,702612,'31-09-35
235,106,702536,'16-06-24
235,107,702521,'06-08-22
235,108,702625,'16-02-08
235,109,702512,'26-00-18
235,110,702553,'02-28-22
235,111,702589,'14-04-34
235,112,702488,'04-22-00
235,113,702565,'36-18-12
235,114,702657,'36-14-04
235,115,702537,'26-08-26
235,116,702577,'04-14-20
235,117,702601,'24-06-24
235,118,702513,'26-16-22
235,119,702489,'37-23-05
235,120,702613,'13-19-05
235,121,702514,'22-12-02
235,122,702538,'36-06-36
235,123,702590,'04-10-28
235,124,702490,'34-24-18
235,125,702554,'22-32-18
235,126,702626,'10-00-10
235,127,702539,'05-35-05
235,128,702566,'30-16-22
235,129,702602,'12-14-08
235,130,702515,'11-01-15
235,131,702578,'28-02-36
235,132,702638,'30-32-10
235,133,702491,'12-14-04
235,134,4600053,'10-36-02
235,135,702614,'26-12-06
235,136,702540,'36-26-12
235,137,4600054,'38-20-14
235,138,702627,'06-28-02
235,139,702516,'32-38-16
235,140,702584,'28-06-20
235,141,702591,'34-12-06
235,142,702492,'38-00-34
235,143,702567,'36-38-20
235,144,702639,'00-10-28
235,145,702541,'02-20-26
235,146,702579,'02-04-26
235,147,702603,'36-26-20
235,148,702517,'10-32-18
235,149,702493,'16-06-28
235,150,702615,'35-21-15
235,151,702518,'34-36-02
235,152,702542,'24-10-32
235,153,702592,'36-14-20
235,154,702494,'36-02-20
235,155,702556,'16-02-16
235,156,702628,'38-04-38
235,157,702543,'18-24-34
235,158,702568,'24-14-08
235,159,702604,'36-18-00
235,160,702519,'25-11-25
235,161,702580,'22-12-18
235,162,702640,'16-18-24
235,163,702495,'22-28-10
235,164,4600055,'30-12-18
235,165,702616,'24-06-12
235,166,702544,'18-08-26
235,167,4600056,'36-22-28
235,168,702629,'02-08-34
235,169,4600057,'14-32-02
235,170,702557,'36-02-36
235,171,702593,'08-38-20
235,172,702496,'04-26-12
235,173,702569,'18-36-26
235,174,702641,'14-24-38
235,175,702545,'26-28-34
235,176,702581,'20-06-36
235,177,702605,'18-20-34
235,178,702520,'30-00-14
235,179,702497,'02-08-38
235,180,702617,'34-20-14
230,1,702366,'12-14-32
230,10,702367,'02-08-26
230,100,702379,'08-22-12
230,101,702335,'22-32-14
230,102,702468,'36-38-32
230,103,702355,'20-26-32
230,104,4600016,'08-34-28
230,105,702444,'34-16-34
230,106,702404,'14-32-22
230,107,702389,'38-28-06
230,108,702457,'32-38-24
230,109,702380,'36-38-24
230,11,702329,'18-08-14
230,110,702310,'08-30-04
230,111,702421,'00-30-04
230,112,702356,'00-30-36
230,113,702322,'00-10-24
230,114,702469,'19-33-15
230,115,702405,'38-24-30
230,116,702336,'28-06-00
230,117,4600003,'12-02-08
230,118,702381,'10-20-06
230,119,702357,'22-28-18
230,12,702462,'28-38-24
230,120,702445,'02-12-38
230,121,702382,'10-20-30
230,122,702406,'30-04-30
230,123,702422,'25-07-25
230,124,702358,'13-23-05
230,125,702311,'36-38-12
230,126,702458,'08-38-16
230,127,702407,'29-15-25
230,128,702323,'36-38-04
230,129,702434,'36-22-04
230,13,702391,'00-14-32
230,130,702383,'20-06-28
230,131,702337,'02-24-14
230,132,702470,'33-39-05
230,133,702359,'04-22-04
230,134,4600017,'16-38-04
230,135,702446,'16-18-00
230,136,702408,'12-02-32
230,137,4600018,'24-10-36
230,138,702459,'08-22-36
230,139,702384,'08-10-36
230,14,4600010,'34-00-06
230,140,702312,'20-02-12
230,141,702423,'18-00-10
230,142,702360,'22-04-26
230,143,702326,'16-22-00
230,144,702471,'38-08-14
230,145,702409,'02-12-34
230,146,702338,'02-28-18
230,147,702435,'36-10-20
230,148,702385,'10-12-26
230,149,702361,'37-27-05
230,15,702438,'18-28-06
230,150,702447,'14-00-18
230,151,702386,'36-22-32
230,152,702410,'28-38-32
230,153,702424,'28-30-16
230,154,702362,'20-34-28
230,155,4600087,26-16-34
230,156,702460,'06-32-26
230,157,702411,'09-31-05
230,158,702327,'10-36-26
230,159,702436,'34-12-02
230,16,702343,'10-28-18
230,160,702387,'01-15-25
230,161,702339,'22-04-30
230,162,702472,'00-02-28
230,163,702363,'27-37-15
230,164,4600019,'18-28-14
230,165,702448,'38-12-02
230,166,702412,'22-12-26
230,167,4600020,'04-06-24
230,168,702461,'28-02-20
230,169,4600021,'24-34-12
230,17,4600011,'14-28-14
230,170,702314,'24-26-12
230,171,702425,'10-32-10
230,172,702364,'28-10-04
230,173,702328,'04-30-24
230,174,702473,'20-38-24
230,175,702413,'02-16-10
230,176,702340,'05-31-25
230,177,702437,'02-16-06
230,178,702388,'37-15-25
230,179,702365,'20-10-36
230,18,702451,'32-02-08
230,180,702449,'14-24-34
230,19,702368,'00-10-36
230,2,702341,'09-15-25
230,20,702302,'04-14-32
230,21,702415,'34-24-14
230,22,702392,'30-04-38
230,23,702316,'10-36-14
230,24,702463,'27-33-15
230,25,702344,'28-18-04
230,26,702330,'30-36-10
230,27,4600002,'00-18-04
230,28,702369,'26-36-26
230,29,702393,'16-34-04
230,3,702414,'22-24-30
230,30,702439,'16-22-16
230,31,702370,'04-34-16
230,32,702394,'06-08-30
230,33,702416,'34-08-14
230,34,702346,'19-05-15
230,35,702303,'34-00-18
230,36,702452,'32-18-12
230,37,702395,'06-36-22
230,38,702317,'19-25-15
230,39,702428,'12-38-04
230,4,702390,'29-03-25
230,40,702371,'24-06-28
230,41,702331,'32-38-04
230,42,702464,'02-16-30
230,43,702347,'28-02-32
230,44,4600012,'22-04-10
230,45,702440,'35-25-15
230,46,702396,'06-32-14
230,47,4600013,'20-22-16
230,48,702453,'02-04-18
230,49,702372,'12-34-24
230,5,702301,'06-08-38
230,50,702306,'03-21-15
230,51,702417,'22-08-30
230,52,702348,'02-12-02
230,53,702318,'00-10-00
230,54,702465,'24-10-28
230,55,702397,'09-15-05
230,56,702332,'20-02-16
230,57,702429,'29-35-25
230,58,702373,'20-22-04
230,59,702349,'00-22-28
230,6,702450,'22-28-02
230,60,702441,'21-23-05
230,61,702374,'00-06-32
230,62,702350,'32-06-00
230,63,702418,'12-38-32
230,64,702398,'36-14-36
230,65,702307,'07-13-35
230,66,702454,'15-05-35
230,67,702351,'14-36-02
230,68,702319,'12-38-16
230,69,702430,'04-22-36
230,7,702342,'04-26-00
230,70,702375,'13-19-25
230,71,702333,'19-37-15
230,72,702466,'14-28-18
230,73,702399,'06-20-26
230,74,4600014,'34-08-14
230,75,702442,'20-34-20
230,76,702352,'02-16-22
230,77,4600015,'26-16-06
230,78,702455,'26-08-30
230,79,702376,'34-04-18
230,8,702315,'18-36-18
230,80,702308,'14-24-30
230,81,702419,'34-16-22
230,82,702400,'18-04-22
230,83,702320,'12-30-24
230,84,702467,'28-34-04
230,85,702353,'12-22-28
230,86,702334,'32-06-20
230,87,702431,'12-02-36
230,88,702377,'18-28-38
230,89,702401,'34-20-06
230,9,702426,'13-27-05
230,90,702443,'24-30-16
230,91,702378,'08-10-24
230,92,702402,'30-16-34
230,93,702420,'24-14-20
230,94,702354,'12-02-24
230,95,702309,'13-35-25
230,96,702456,'14-16-10
230,97,702403,'17-31-05
230,98,702321,'30-00-22
230,99,702432,'02-32-02
240,1101,702001,38-28-22
240,1102,702097,00-22-12
240,1103,702003,36-10-36
240,1104,702004,18-32-22
240,1105,702005,18-20-06
240,1106,702006,25-03-25
240,1107,702007,10-16-22
240,1108,702008,12-14-20
240,1109,702009,00-14-08
240,1110,702010,36-22-28
240,1111,702011,10-28-34
240,1112,702012,32-22-36
240,1113,702013,24-38-04
240,1114,702014,28-34-12
240,1115,702015,08-22-28
240,1116,702098,06-16-30
240,1117,702017,02-08-22
240,1118,702018,01-19-05
240,1119,702019,22-36-06
240,1120,702020,16-06-16
240,1121,702021,07-29-15
240,1122,702022,18-24-38
240,1123,702023,24-34-00
240,1124,702024,28-18-24
240,1301,702025,32-38-28
240,1302,702026,09-19-05
240,1303,702027,08-18-28
240,1304,702028,11-25-35
240,1305,702029,12-22-04
240,1306,702030,21-31-05
240,1307,702031,04-34-28
240,1308,702032,32-14-00
240,1309,702033,20-02-20
240,1310,702034,08-18-00
240,1311,702035,34-12-30
240,1312,702036,22-08-38
240,1313,702037,18-32-14
240,1314,702038,20-06-24
240,1315,702039,29-31-25
240,1316,702040,14-36-18
240,1317,702041,02-20-30
240,1318,702042,16-26-16
240,1319,702043,17-39-25
240,1320,702044,16-26-00
240,1321,702045,31-01-35
240,1322,702046,28-34-28
240,1323,702047,31-17-35
240,1324,702048,00-06-28
240,1501,702049,10-16-38
240,1502,702050,02-32-18
240,1503,702051,24-02-32
240,1504,702052,28-14-08
240,1505,702053,20-38-20
240,1506,702054,36-02-28
240,1507,702055,26-00-26
240,1508,702099,21-31-25
240,1509,702057,12-34-20
240,1510,702058,04-34-04
240,1511,702059,20-10-24
240,1512,702060,24-30-20
240,1513,702061,36-18-04
240,1514,702062,39-05-15
240,1515,702063,02-20-14
240,1516,702064,12-30-36
240,1517,702065,24-10-04
240,1518,702066,35-25-35
240,1519,702067,00-26-12
240,1520,702068,09-39-05
240,1521,702069,22-08-26
240,1522,702070,38-12-34
240,1523,702071,22-08-14
240,1524,702072,34-36-30
240,1701,702077,00-14-04
240,1702,702189,28-18-08
240,1703,702188,23-01-35
240,1704,702179,00-22-00
240,1705,702796,32-34-04
240,1706,702180,12-14-36
240,1707,702095,20-30-16
240,1708,702096,06-08-18
240,1709,702092,26-08-38
240,1710,702081,16-22-08
240,1711,702195,20-30-24
240,1712,702782,12-14-24
240,1713,702777,39-21-15
240,1714,702084,02-12-18
240,1715,702778,30-36-02
240,1716,702191,22-24-18
240,1717,702992,02-24-30
240,1718,702190,30-04-10
240,1719,702989,00-18-12
240,1720,702774,14-20-38
240,1721,702085,14-36-06
240,1722,702100,14-20-10
240,1723,702175,34-00-30
240,1724,702182,24-10-20
240,3101,702101,24-38-24
240,3102,702102,20-26-12
240,3103,702103,06-08-02
240,3104,702104,28-18-00
240,3105,702105,33-19-05
240,3106,702106,00-22-36
240,3107,702107,36-06-32
240,3108,702108,06-32-38
240,3109,702109,38-00-06
240,3110,702110,10-00-22
240,3111,702111,28-30-20
240,3112,702112,10-12-02
240,3113,702113,24-10-36
240,3114,702114,00-02-36
240,3115,702115,32-06-28
240,3116,702116,07-29-35
240,3117,702117,06-28-14
240,3118,702118,16-02-36
240,3119,702119,01-11-05
240,3120,702120,24-38-08
240,3121,702121,10-28-38
240,3122,702122,34-12-22
240,3123,702123,10-28-22
240,3124,702124,20-30-36
240,3301,702125,34-00-26
240,3302,702126,38-08-18
240,3303,702127,30-04-22
240,3304,702128,27-05-35
240,3305,702129,08-18-08
240,3306,702130,30-36-26
240,3307,702131,15-21-35
240,3308,702132,30-08-34
240,3309,702133,15-29-35
240,3310,702134,02-12-22
240,3311,702135,22-24-10
240,3312,702136,26-00-34
240,3313,702137,12-02-28
240,3314,702138,16-22-12
240,3315,702139,32-22-12
240,3316,702140,35-37-15
240,3317,702141,33-07-25
240,3318,702142,24-02-28
240,3319,702143,30-04-26
240,3320,702144,26-12-30
240,3321,702145,12-34-08
240,3322,702146,26-04-34
240,3323,702147,14-24-06
240,3324,702148,31-21-35
240,3501,702149,25-35-25
240,3502,702150,01-31-05
240,3503,702151,02-04-14
240,3504,702152,14-36-26
240,3505,702153,04-22-32
240,3506,702154,12-26-20
240,3507,702155,31-21-15
240,3508,702156,24-38-12
240,3509,702157,22-32-38
240,3510,702158,38-08-38
240,3511,702159,39-29-35
240,3512,702160,32-06-12
240,3513,702161,32-18-04
240,3514,702162,16-34-12
240,3515,702163,00-06-24
240,3516,702164,02-32-06
240,3517,702165,28-38-08
240,3518,702166,21-07-25
240,3519,702167,36-26-08
240,3520,702168,30-16-38
240,3521,702169,02-32-26
240,3522,702170,17-19-25
240,3523,702171,02-28-34
240,3524,702172,32-14-20
242,1201,702701,04-14-24
242,1202,702974,38-20-06
242,1203,702703,32-34-08
242,1204,702704,12-18-08
242,1205,702705,08-26-20
242,1206,702706,00-26-08
242,1207,702707,20-30-00
242,1208,702708,21-35-25
242,1209,702709,18-20-38
242,1210,702710,05-23-05
242,1211,702711,08-26-00
242,1212,702712,32-14-04
242,1213,702713,08-22-08
242,1214,702714,06-20-34
242,1215,702715,39-17-35
242,1216,702716,02-04-10
242,1217,702717,12-30-20
242,1218,702731,13-39-25
242,1219,702719,36-06-28
242,1220,702720,04-30-04
242,1221,702721,38-08-30
242,1222,702722,02-08-30
242,1223,702723,33-11-05
242,1224,702724,37-11-25
242,1401,702725,39-13-35
242,1402,702726,27-17-35
242,1403,702727,28-02-24
242,1404,702728,22-08-18
242,1405,702729,26-04-26
242,1406,702730,32-14-36
242,1407,4600059,10-32-26
242,1408,702732,10-00-30
242,1409,702733,00-18-04
242,1410,702734,36-18-24
242,1411,702735,14-16-38
242,1412,702736,09-39-25
242,1413,702737,32-38-32
242,1414,702738,26-36-22
242,1415,702739,22-08-22
242,1416,702740,12-22-12
242,1417,702741,33-03-25
242,1418,702742,06-12-34
242,1419,702743,18-00-18
242,1420,702744,12-18-12
242,1421,702745,23-25-35
242,1422,702746,00-14-00
242,1423,702747,20-26-20
242,1424,702748,11-25-15
242,1601,702749,26-04-22
242,1602,702750,07-25-15
242,1603,702751,28-06-24
242,1604,702752,18-04-26
242,1605,702753,00-02-12
242,1606,702754,37-19-25
242,1607,702755,38-12-38
242,1608,702756,26-32-38
242,1609,702757,24-02-08
242,1610,702758,22-36-14
242,1611,702759,10-32-02
242,1612,702760,24-06-32
242,1613,702761,22-28-22
242,1614,702762,06-36-10
242,1615,702763,23-09-35
242,1616,702764,36-10-28
242,1617,702765,34-00-10
242,1618,702766,10-00-18
242,1619,702767,12-34-16
242,1620,702768,38-08-26
242,1621,702769,30-00-18
242,1622,702770,02-28-06
242,1623,702771,08-18-36
242,1624,702772,09-27-05
242,1801,702789,12-30-12
242,1802,702791,08-14-04
242,1803,702983,26-28-22
242,1804,702790,06-12-38
242,1805,702996,19-09-35
242,1806,702795,36-14-24
242,1807,702981,26-28-14
242,1808,702788,22-00-26
242,1809,702091,00-06-12
242,1810,702993,28-30-04
242,1811,702784,26-12-26
242,1812,702702,14-32-26
242,1813,702089,16-34-24
242,1814,702976,14-28-34
242,1815,702973,28-30-08
242,1816,702986,30-08-02
242,1817,702988,29-19-05
242,1818,702773,03-05-15
242,1819,702982,26-36-18
242,1820,702196,14-04-10
242,1821,702193,14-04-18
242,1822,702192,08-22-04
242,1823,702194,22-00-22
242,1824,702090,28-14-32
242,3201,702901,16-18-36
242,3202,702902,38-16-26
242,3203,702903,32-06-16
242,3204,702904,32-18-08
242,3205,702905,02-28-02
242,3206,702906,24-10-00
242,3207,702907,20-22-32
242,3208,702908,39-09-35
242,3209,702909,32-02-36
242,3210,702910,16-18-32
242,3211,702911,34-00-34
242,3212,702912,37-11-05
242,3213,702913,30-32-22
242,3214,702914,38-00-10
242,3215,702915,04-18-24
242,3216,702916,02-20-02
242,3217,702917,06-32-22
242,3218,702918,18-04-14
242,3219,702999,22-36-02
242,3220,702920,23-29-15
242,3221,702921,04-14-36
242,3222,702922,34-08-34
242,3223,702923,32-18-24
242,3224,702924,28-02-08
242,3401,702925,14-28-38
242,3402,702926,36-06-20
242,3403,702927,26-08-02
242,3404,702928,38-04-26
242,3405,702929,32-34-28
242,3406,702930,05-15-05
242,3407,702931,31-05-35
242,3408,702932,28-14-28
242,3409,702933,28-18-36
242,3410,702934,32-06-32
242,3411,702935,05-19-05
242,3412,702936,14-00-26
242,3413,702937,12-34-00
242,3414,702938,21-03-25
242,3415,702939,16-38-08
242,3416,702940,29-39-25
242,3417,702941,24-26-08
242,3418,702073,34-36-22
242,3419,702943,09-19-25
242,3420,702944,29-15-05
242,3421,702945,00-22-32
242,3422,702946,38-12-18
242,3423,702947,26-32-22
242,3424,702948,26-36-30
242,3601,702949,04-30-36
242,3602,702950,31-13-35
242,3603,702951,20-38-04
242,3604,702952,18-04-10
242,3605,702953,38-12-30
242,3606,702954,02-24-06
242,3607,702955,28-10-32
242,3608,702956,14-20-06
242,3609,702957,20-26-16
242,3610,702958,18-28-18
242,3611,702959,08-34-24
242,3612,702960,34-00-14
242,3613,702961,22-12-22
242,3614,702962,09-35-25
242,3615,702963,38-20-02
242,3616,702964,30-04-34
242,3617,702965,32-38-08
242,3618,702966,11-13-35
242,3619,702967,28-30-00
242,3620,702968,20-10-00
242,3621,702969,08-26-08
242,3622,702970,34-08-18
242,3623,702971,26-28-10
242,3624,702972,17-39-05